<?xml version="1.0" encoding="UTF-8" ?>
<?demandware-pipeline version="2.0"?>

<pipeline group="Checkout">
  <branch basename="_ANONYMOUS_BRANCH_1">
    <segment>
      <node>
        <text-node>
          <description>This pipeline implements the last step of the checkout. A successful handling of billing address and payment method selection leads to this pipeline. It provides the customer with a last overview of the basket prior to confirm the final order creation.</description>
        </text-node>
        <node-display width="3" x="1" y="1"/>
      </node>
    </segment>
  </branch>
  <branch basename="_ANONYMOUS_BRANCH_2">
    <segment>
      <node>
        <text-node>
          <description>This pipeline renders the summary page prior to order creation.</description>
        </text-node>
        <node-display x="2" y="3"/>
      </node>
    </segment>
  </branch>
  <branch basename="_ANONYMOUS_BRANCH_3">
    <segment>
      <node>
        <text-node>
          <description>This pipeline is called upon the &quot;Place Order&quot; action triggered by the customer.</description>
        </text-node>
        <node-display x="6" y="3"/>
      </node>
    </segment>
  </branch>
  <branch basename="_ANONYMOUS_BRANCH_4">
    <segment>
      <node>
        <text-node>
          <description>This pipeline renders the order confirmation page after the successful order creation. If a non registered customer has checked out, the confirmation page provides a &quot;Create Account&quot; form. This pipeline is responsible to handle the account creation.</description>
        </text-node>
        <node-display width="2" x="9" y="3"/>
      </node>
    </segment>
  </branch>
  <branch basename="_ANONYMOUS_BRANCH_5">
    <segment>
      <node>
        <text-node>
          <description>Initializes the account creation form for guest checkouts, by prepopulating the first and last name with the used billing address.</description>
        </text-node>
        <node-display x="12" y="3"/>
      </node>
    </segment>
  </branch>
  <branch basename="Start">
    <segment>
      <node>
        <start-node name="Start" secure="true"/>
        <node-display x="2" y="4"/>
      </node>
      <simple-transition>
        <transition-display>
          <bend-point relative-to="source" x="0" y="1"/>
        </transition-display>
      </simple-transition>
      <node>
        <call-node start-name-ref="Cart-GetExistingBasket"/>
        <node-display x="0" y="1"/>
      </node>
      <simple-transition/>
      <node>
        <call-node start-name-ref="COBilling-ValidatePayment"/>
        <node-display x="0" y="1"/>
        <branch basename="b2" source-connector="error">
          <transition target-connector="in" target-path="./b3.1">
            <transition-display>
              <bend-point relative-to="target" x="-1" y="0"/>
            </transition-display>
          </transition>
        </branch>
      </node>
      <simple-transition/>
      <node>
        <call-node start-name-ref="Cart-Calculate"/>
        <node-display x="0" y="2"/>
      </node>
      <simple-transition/>
      <node>
        <pipelet-node pipelet-name="Script" pipelet-set-identifier="bc_api">
          <config-property key="Transactional" value="true"/>
          <config-property key="OnError" value="PIPELET_ERROR"/>
          <config-property key="ScriptFile" value="app_storefront_core:checkout/CalculatePaymentTransactionTotals.ds"/>
          <key-binding alias="null" key="ScriptLog"/>
          <key-binding alias="Basket" key="Basket"/>
        </pipelet-node>
        <node-display x="0" y="1"/>
        <branch basename="b3" source-connector="error">
          <transition target-connector="in">
            <transition-display>
              <bend-point relative-to="source" x="2" y="0"/>
              <bend-point relative-to="target" x="0" y="2"/>
            </transition-display>
          </transition>
          <segment>
            <node>
              <jump-node start-name-ref="COBilling-Start"/>
              <node-display orientation="horizontal" x="1" y="-2"/>
            </node>
          </segment>
        </branch>
      </node>
      <simple-transition/>
      <node>
        <pipelet-node pipelet-name="UpdatePageMetaData" pipelet-set-identifier="bc_api">
          <key-binding alias="null" key="DefaultKeywords"/>
          <key-binding alias="null" key="DefaultDescription"/>
          <key-binding alias="null" key="Product"/>
          <key-binding alias="null" key="Category"/>
          <key-binding alias="&quot;SiteGenesis Checkout&quot;" key="DefaultTitle"/>
        </pipelet-node>
        <node-display x="0" y="1"/>
      </node>
      <simple-transition>
        <transition-display>
          <bend-point relative-to="source" x="0" y="1"/>
        </transition-display>
      </simple-transition>
      <node>
        <interaction-node transaction-required="false">
          <template buffered="true" dynamic="false" name="checkout/summary/summary"/>
        </interaction-node>
        <node-display x="0" y="1"/>
      </node>
    </segment>
  </branch>
  <branch basename="_ANONYMOUS_BRANCH_7">
    <segment>
      <node>
        <text-node>
          <description>Checks whether all payment methods are still applicable. Recalculates all existing non-gift certificate payment instruments totals according to redeemed gift certificates or additional discounts granted through coupon redemptions on this page.</description>
        </text-node>
        <node-display height="2" x="1" y="6"/>
      </node>
    </segment>
  </branch>
  <branch basename="Submit">
    <segment>
      <node>
        <start-node call-mode="public" name="Submit" secure="true"/>
        <node-display x="6" y="4"/>
      </node>
      <simple-transition>
        <transition-display>
          <bend-point relative-to="source" x="0" y="1"/>
        </transition-display>
      </simple-transition>
      <node>
        <pipelet-node custom-name="Reset error marker" pipelet-name="Assign" pipelet-set-identifier="bc_api">
          <key-binding alias="null" key="From_0"/>
          <key-binding alias="PlaceOrderError" key="To_0"/>
          <key-binding alias="null" key="From_1"/>
          <key-binding alias="null" key="To_1"/>
          <key-binding alias="null" key="From_2"/>
          <key-binding alias="null" key="To_2"/>
          <key-binding alias="null" key="From_3"/>
          <key-binding alias="null" key="To_3"/>
          <key-binding alias="null" key="From_4"/>
          <key-binding alias="null" key="To_4"/>
          <key-binding alias="null" key="From_5"/>
          <key-binding alias="null" key="To_5"/>
          <key-binding alias="null" key="From_6"/>
          <key-binding alias="null" key="To_6"/>
          <key-binding alias="null" key="From_7"/>
          <key-binding alias="null" key="To_7"/>
          <key-binding alias="null" key="From_8"/>
          <key-binding alias="null" key="To_8"/>
          <key-binding alias="null" key="From_9"/>
          <key-binding alias="null" key="To_9"/>
        </pipelet-node>
        <node-display x="0" y="1"/>
      </node>
      <simple-transition>
        <transition-display>
          <bend-point relative-to="source" x="0" y="1"/>
        </transition-display>
      </simple-transition>
      <node>
        <call-node start-name-ref="COPlaceOrder-Start"/>
        <node-display x="0" y="1"/>
        <branch basename="b2" source-connector="error">
          <transition target-connector="in">
            <transition-display>
              <bend-point relative-to="target" x="0" y="-1"/>
            </transition-display>
          </transition>
          <segment>
            <node>
              <jump-node start-name-ref="COSummary-Start"/>
              <node-display x="1" y="2"/>
            </node>
          </segment>
        </branch>
        <branch basename="b3" source-connector="order_created">
          <transition target-connector="in">
            <transition-display>
              <bend-point relative-to="target" x="0" y="-1"/>
            </transition-display>
          </transition>
          <segment>
            <node>
              <jump-node start-name-ref="COSummary-ShowConfirmation"/>
              <node-display x="-1" y="2"/>
            </node>
          </segment>
        </branch>
      </node>
    </segment>
  </branch>
  <branch basename="_ANONYMOUS_BRANCH_9">
    <segment>
      <node>
        <text-node>
          <description>Call the responsible pipeline which does the actual place order action and any payment authorization. The called pipeline must exit with a named end node &quot;order_created&quot; if the order was created successfully or any other end node, if the order creation failed.</description>
        </text-node>
        <node-display height="2" x="5" y="5"/>
      </node>
    </segment>
  </branch>
  <branch basename="ShowConfirmation">
    <segment>
      <node>
        <start-node call-mode="private" name="ShowConfirmation" secure="false"/>
        <node-display x="9" y="4"/>
      </node>
      <simple-transition/>
      <node>
        <call-node start-name-ref="COSummary-InitGuestAccountCreation"/>
        <node-display x="0" y="1"/>
      </node>
      <simple-transition/>
      <node>
        <pipelet-node pipelet-name="UpdatePageMetaData" pipelet-set-identifier="bc_api">
          <key-binding alias="null" key="DefaultKeywords"/>
          <key-binding alias="null" key="DefaultDescription"/>
          <key-binding alias="null" key="Product"/>
          <key-binding alias="null" key="Category"/>
          <key-binding alias="&quot;SiteGenesis Checkout Confirmation&quot;" key="DefaultTitle"/>
        </pipelet-node>
        <node-display x="0" y="1"/>
      </node>
      <simple-transition/>
      <node>
        <pipelet-node pipelet-name="ClearFormElement" pipelet-set-identifier="bc_api">
          <key-binding alias="CurrentForms.profile.login.passwordconfirm" key="FormElement"/>
        </pipelet-node>
        <node-display x="0" y="1"/>
      </node>
      <simple-transition/>
      <node>
        <pipelet-node pipelet-name="ClearFormElement" pipelet-set-identifier="bc_api">
          <key-binding alias="CurrentForms.profile.login.password" key="FormElement"/>
        </pipelet-node>
        <node-display x="0" y="1"/>
      </node>
      <transition target-connector="in1" target-path="./+1"/>
    </segment>
    <segment>
      <node>
        <join-node/>
        <node-display x="0" y="1"/>
      </node>
      <simple-transition>
        <transition-display>
          <bend-point relative-to="source" x="0" y="1"/>
        </transition-display>
      </simple-transition>
      <node>
        <interaction-continue-node secure="true" start-name="CheckoutConfirmation" transaction-required="false">
          <template buffered="true" dynamic="false" name="checkout/confirmation/confirmation"/>
        </interaction-continue-node>
        <node-display x="0" y="1"/>
        <branch basename="b2" source-connector="confirm">
          <transition target-connector="in"/>
          <segment>
            <node>
              <call-node start-name-ref="Account-CreateAccount"/>
              <node-display x="0" y="2"/>
              <branch basename="b2" source-connector="error">
                <transition target-connector="in2" target-path="../+1">
                  <transition-display>
                    <bend-point relative-to="source" x="1" y="2"/>
                    <bend-point relative-to="source" x="2" y="2"/>
                    <bend-point relative-to="source" x="2" y="0"/>
                  </transition-display>
                </transition>
              </branch>
            </node>
            <simple-transition/>
            <node>
              <pipelet-node custom-name="Associate newly registered customer at order" pipelet-name="Assign" pipelet-set-identifier="bc_api">
                <config-property key="Transactional" value="true"/>
                <key-binding alias="&quot;Account-Show&quot;" key="From_1"/>
                <key-binding alias="null" key="From_2"/>
                <key-binding alias="null" key="To_2"/>
                <key-binding alias="null" key="From_3"/>
                <key-binding alias="null" key="To_3"/>
                <key-binding alias="null" key="From_4"/>
                <key-binding alias="null" key="To_4"/>
                <key-binding alias="null" key="From_5"/>
                <key-binding alias="null" key="To_5"/>
                <key-binding alias="null" key="From_6"/>
                <key-binding alias="null" key="To_6"/>
                <key-binding alias="null" key="From_7"/>
                <key-binding alias="null" key="To_7"/>
                <key-binding alias="null" key="From_8"/>
                <key-binding alias="null" key="To_8"/>
                <key-binding alias="null" key="From_9"/>
                <key-binding alias="null" key="To_9"/>
                <key-binding alias="Customer" key="From_0"/>
                <key-binding alias="Order.customer" key="To_0"/>
                <key-binding alias="TargetPipeline" key="To_1"/>
              </pipelet-node>
              <node-display x="0" y="2"/>
            </node>
            <simple-transition>
              <transition-display>
                <bend-point relative-to="source" x="0" y="1"/>
              </transition-display>
            </simple-transition>
            <node>
              <jump-node start-name-ref="Login-Redirect"/>
              <node-display x="0" y="1"/>
            </node>
          </segment>
        </branch>
      </node>
      <transition target-connector="in1" target-path="./+1">
        <transition-display>
          <bend-point relative-to="target" x="-1" y="0"/>
        </transition-display>
      </transition>
    </segment>
    <segment>
      <node>
        <join-node/>
        <node-display x="1" y="1"/>
      </node>
      <transition target-connector="in2" target-path="./-1">
        <transition-display>
          <bend-point relative-to="target" x="2" y="0"/>
        </transition-display>
      </transition>
    </segment>
  </branch>
  <branch basename="InitGuestAccountCreation">
    <segment>
      <node>
        <start-node call-mode="private" name="InitGuestAccountCreation" secure="false"/>
        <node-display x="12" y="4"/>
      </node>
      <simple-transition>
        <transition-display>
          <bend-point relative-to="source" x="0" y="1"/>
        </transition-display>
      </simple-transition>
      <node>
        <decision-node condition-key="!CurrentCustomer.authenticated" condition-operator="expr"/>
        <node-display x="0" y="1"/>
        <branch basename="b2" source-connector="yes">
          <transition target-connector="in"/>
          <segment>
            <node>
              <pipelet-node pipelet-name="Assign" pipelet-set-identifier="bc_api">
                <config-property key="Transactional" value="false"/>
                <key-binding alias="Order.billingAddress.firstName" key="From_0"/>
                <key-binding alias="CurrentForms.profile.customer.firstname.value" key="To_0"/>
                <key-binding alias="Order.billingAddress.lastName" key="From_1"/>
                <key-binding alias="CurrentForms.profile.customer.lastname.value" key="To_1"/>
                <key-binding alias="Order.customerEmail" key="From_2"/>
                <key-binding alias="null" key="From_3"/>
                <key-binding alias="null" key="From_4"/>
                <key-binding alias="null" key="To_4"/>
                <key-binding alias="null" key="From_5"/>
                <key-binding alias="null" key="To_5"/>
                <key-binding alias="null" key="From_6"/>
                <key-binding alias="null" key="To_6"/>
                <key-binding alias="null" key="From_7"/>
                <key-binding alias="null" key="To_7"/>
                <key-binding alias="null" key="From_8"/>
                <key-binding alias="null" key="To_8"/>
                <key-binding alias="null" key="From_9"/>
                <key-binding alias="null" key="To_9"/>
                <key-binding alias="CurrentForms.profile.customer.email.value" key="To_2"/>
              </pipelet-node>
              <node-display x="0" y="1"/>
            </node>
            <simple-transition>
              <transition-display>
                <bend-point relative-to="source" x="0" y="1"/>
              </transition-display>
            </simple-transition>
            <node>
              <end-node/>
              <node-display x="0" y="1"/>
            </node>
          </segment>
        </branch>
      </node>
      <simple-transition>
        <transition-display>
          <bend-point relative-to="source" x="1" y="0"/>
        </transition-display>
      </simple-transition>
      <node>
        <end-node/>
        <node-display orientation="horizontal" x="1" y="0"/>
      </node>
    </segment>
  </branch>
</pipeline>
