<?xml version="1.0" encoding="UTF-8" ?>
<?demandware-pipeline version="2.0"?>

<pipeline group="Analytics" type="view">
  <description>Used to track deprecated browsers with out-dated TLS.
These are empy pipelines just used to trigger reporting tools in the Demandware Business Manager</description>
  <branch basename="_ANONYMOUS_BRANCH_1">
    <segment>
      <node>
        <text-node>
          <description>These empty pipelines are called by the client-side TLS detectors to collect  reporting statistics on the number of deprecated browser hits that are being encountered.</description>
        </text-node>
        <node-display width="3" x="1" y="1"/>
      </node>
    </segment>
  </branch>
  <branch basename="BadTLS">
    <segment>
      <node>
        <start-node name="BadTLS" secure="false"/>
        <node-display x="1" y="2"/>
      </node>
      <simple-transition>
        <transition-display>
          <bend-point relative-to="source" x="0" y="1"/>
        </transition-display>
      </simple-transition>
      <node>
        <end-node/>
        <node-display x="0" y="1"/>
      </node>
    </segment>
  </branch>
  <branch basename="BadBrowser">
    <segment>
      <node>
        <start-node name="BadBrowser" secure="false"/>
        <node-display x="3" y="2"/>
      </node>
      <simple-transition>
        <transition-display>
          <bend-point relative-to="source" x="0" y="1"/>
        </transition-display>
      </simple-transition>
      <node>
        <end-node/>
        <node-display x="0" y="1"/>
      </node>
    </segment>
  </branch>
</pipeline>
